"","Node","Level","ProbabilityOutput","TestNode","ProbabilityInput","TestLevel"
"1","PopulationDecline","Increased",0.2517,"SeaSurfaceTemp",0.01,"Effect"
"2","PopulationDecline","None",0.5389,"SeaSurfaceTemp",0.01,"Effect"
"3","PopulationDecline","Reduced",0.2331,"SeaSurfaceTemp",0.01,"Effect"
"4","Growth","Effect",0.199,"SeaSurfaceTemp",0.01,"Effect"
"5","Growth","No Effect",0.8071,"SeaSurfaceTemp",0.01,"Effect"
"6","Mortality","Effect",0.0942,"SeaSurfaceTemp",0.01,"Effect"
"7","Mortality","No Effect",0.9092,"SeaSurfaceTemp",0.01,"Effect"
"8","ReproductiveRate","Effect",0.1914,"SeaSurfaceTemp",0.01,"Effect"
"9","ReproductiveRate","No Effect",0.8101,"SeaSurfaceTemp",0.01,"Effect"
"10","PopulationDecline","Increased",0.2391,"SeaSurfaceTemp",0.02,"Effect"
"11","PopulationDecline","None",0.5295,"SeaSurfaceTemp",0.02,"Effect"
"12","PopulationDecline","Reduced",0.2232,"SeaSurfaceTemp",0.02,"Effect"
"13","Growth","Effect",0.203,"SeaSurfaceTemp",0.02,"Effect"
"14","Growth","No Effect",0.7977,"SeaSurfaceTemp",0.02,"Effect"
"15","Mortality","Effect",0.0864,"SeaSurfaceTemp",0.02,"Effect"
"16","Mortality","No Effect",0.9087,"SeaSurfaceTemp",0.02,"Effect"
"17","ReproductiveRate","Effect",0.1941,"SeaSurfaceTemp",0.02,"Effect"
"18","ReproductiveRate","No Effect",0.8054,"SeaSurfaceTemp",0.02,"Effect"
"19","PopulationDecline","Increased",0.2478,"SeaSurfaceTemp",0.03,"Effect"
"20","PopulationDecline","None",0.5327,"SeaSurfaceTemp",0.03,"Effect"
"21","PopulationDecline","Reduced",0.2332,"SeaSurfaceTemp",0.03,"Effect"
"22","Growth","Effect",0.2085,"SeaSurfaceTemp",0.03,"Effect"
"23","Growth","No Effect",0.8011,"SeaSurfaceTemp",0.03,"Effect"
"24","Mortality","Effect",0.0924,"SeaSurfaceTemp",0.03,"Effect"
"25","Mortality","No Effect",0.9102,"SeaSurfaceTemp",0.03,"Effect"
"26","ReproductiveRate","Effect",0.1906,"SeaSurfaceTemp",0.03,"Effect"
"27","ReproductiveRate","No Effect",0.8055,"SeaSurfaceTemp",0.03,"Effect"
"28","PopulationDecline","Increased",0.2348,"SeaSurfaceTemp",0.04,"Effect"
"29","PopulationDecline","None",0.5369,"SeaSurfaceTemp",0.04,"Effect"
"30","PopulationDecline","Reduced",0.2165,"SeaSurfaceTemp",0.04,"Effect"
"31","Growth","Effect",0.207,"SeaSurfaceTemp",0.04,"Effect"
"32","Growth","No Effect",0.7956,"SeaSurfaceTemp",0.04,"Effect"
"33","Mortality","Effect",0.0882,"SeaSurfaceTemp",0.04,"Effect"
"34","Mortality","No Effect",0.9103,"SeaSurfaceTemp",0.04,"Effect"
"35","ReproductiveRate","Effect",0.1948,"SeaSurfaceTemp",0.04,"Effect"
"36","ReproductiveRate","No Effect",0.8085,"SeaSurfaceTemp",0.04,"Effect"
"37","PopulationDecline","Increased",0.2439,"SeaSurfaceTemp",0.05,"Effect"
"38","PopulationDecline","None",0.5245,"SeaSurfaceTemp",0.05,"Effect"
"39","PopulationDecline","Reduced",0.2282,"SeaSurfaceTemp",0.05,"Effect"
"40","Growth","Effect",0.2064,"SeaSurfaceTemp",0.05,"Effect"
"41","Growth","No Effect",0.7984,"SeaSurfaceTemp",0.05,"Effect"
"42","Mortality","Effect",0.0936,"SeaSurfaceTemp",0.05,"Effect"
"43","Mortality","No Effect",0.9096,"SeaSurfaceTemp",0.05,"Effect"
"44","ReproductiveRate","Effect",0.198,"SeaSurfaceTemp",0.05,"Effect"
"45","ReproductiveRate","No Effect",0.7998,"SeaSurfaceTemp",0.05,"Effect"
"46","PopulationDecline","Increased",0.2409,"SeaSurfaceTemp",0.06,"Effect"
"47","PopulationDecline","None",0.5228,"SeaSurfaceTemp",0.06,"Effect"
"48","PopulationDecline","Reduced",0.239,"SeaSurfaceTemp",0.06,"Effect"
"49","Growth","Effect",0.1953,"SeaSurfaceTemp",0.06,"Effect"
"50","Growth","No Effect",0.7964,"SeaSurfaceTemp",0.06,"Effect"
"51","Mortality","Effect",0.0953,"SeaSurfaceTemp",0.06,"Effect"
"52","Mortality","No Effect",0.9089,"SeaSurfaceTemp",0.06,"Effect"
"53","ReproductiveRate","Effect",0.1989,"SeaSurfaceTemp",0.06,"Effect"
"54","ReproductiveRate","No Effect",0.8039,"SeaSurfaceTemp",0.06,"Effect"
"55","PopulationDecline","Increased",0.2387,"SeaSurfaceTemp",0.07,"Effect"
"56","PopulationDecline","None",0.53,"SeaSurfaceTemp",0.07,"Effect"
"57","PopulationDecline","Reduced",0.2248,"SeaSurfaceTemp",0.07,"Effect"
"58","Growth","Effect",0.1992,"SeaSurfaceTemp",0.07,"Effect"
"59","Growth","No Effect",0.8039,"SeaSurfaceTemp",0.07,"Effect"
"60","Mortality","Effect",0.0889,"SeaSurfaceTemp",0.07,"Effect"
"61","Mortality","No Effect",0.9082,"SeaSurfaceTemp",0.07,"Effect"
"62","ReproductiveRate","Effect",0.1964,"SeaSurfaceTemp",0.07,"Effect"
"63","ReproductiveRate","No Effect",0.808,"SeaSurfaceTemp",0.07,"Effect"
"64","PopulationDecline","Increased",0.2424,"SeaSurfaceTemp",0.08,"Effect"
"65","PopulationDecline","None",0.5269,"SeaSurfaceTemp",0.08,"Effect"
"66","PopulationDecline","Reduced",0.2288,"SeaSurfaceTemp",0.08,"Effect"
"67","Growth","Effect",0.2014,"SeaSurfaceTemp",0.08,"Effect"
"68","Growth","No Effect",0.7928,"SeaSurfaceTemp",0.08,"Effect"
"69","Mortality","Effect",0.0861,"SeaSurfaceTemp",0.08,"Effect"
"70","Mortality","No Effect",0.9101,"SeaSurfaceTemp",0.08,"Effect"
"71","ReproductiveRate","Effect",0.1958,"SeaSurfaceTemp",0.08,"Effect"
"72","ReproductiveRate","No Effect",0.8083,"SeaSurfaceTemp",0.08,"Effect"
"73","PopulationDecline","Increased",0.2414,"SeaSurfaceTemp",0.09,"Effect"
"74","PopulationDecline","None",0.5372,"SeaSurfaceTemp",0.09,"Effect"
"75","PopulationDecline","Reduced",0.2249,"SeaSurfaceTemp",0.09,"Effect"
"76","Growth","Effect",0.2058,"SeaSurfaceTemp",0.09,"Effect"
"77","Growth","No Effect",0.7993,"SeaSurfaceTemp",0.09,"Effect"
"78","Mortality","Effect",0.0905,"SeaSurfaceTemp",0.09,"Effect"
"79","Mortality","No Effect",0.9127,"SeaSurfaceTemp",0.09,"Effect"
"80","ReproductiveRate","Effect",0.1985,"SeaSurfaceTemp",0.09,"Effect"
"81","ReproductiveRate","No Effect",0.7982,"SeaSurfaceTemp",0.09,"Effect"
"82","PopulationDecline","Increased",0.2427,"SeaSurfaceTemp",0.1,"Effect"
"83","PopulationDecline","None",0.5266,"SeaSurfaceTemp",0.1,"Effect"
"84","PopulationDecline","Reduced",0.2259,"SeaSurfaceTemp",0.1,"Effect"
"85","Growth","Effect",0.2085,"SeaSurfaceTemp",0.1,"Effect"
"86","Growth","No Effect",0.7951,"SeaSurfaceTemp",0.1,"Effect"
"87","Mortality","Effect",0.0844,"SeaSurfaceTemp",0.1,"Effect"
"88","Mortality","No Effect",0.9142,"SeaSurfaceTemp",0.1,"Effect"
"89","ReproductiveRate","Effect",0.1944,"SeaSurfaceTemp",0.1,"Effect"
"90","ReproductiveRate","No Effect",0.7997,"SeaSurfaceTemp",0.1,"Effect"
"91","PopulationDecline","Increased",0.2414,"SeaSurfaceTemp",0.11,"Effect"
"92","PopulationDecline","None",0.5379,"SeaSurfaceTemp",0.11,"Effect"
"93","PopulationDecline","Reduced",0.2234,"SeaSurfaceTemp",0.11,"Effect"
"94","Growth","Effect",0.2023,"SeaSurfaceTemp",0.11,"Effect"
"95","Growth","No Effect",0.7995,"SeaSurfaceTemp",0.11,"Effect"
"96","Mortality","Effect",0.0855,"SeaSurfaceTemp",0.11,"Effect"
"97","Mortality","No Effect",0.9138,"SeaSurfaceTemp",0.11,"Effect"
"98","ReproductiveRate","Effect",0.2026,"SeaSurfaceTemp",0.11,"Effect"
"99","ReproductiveRate","No Effect",0.8043,"SeaSurfaceTemp",0.11,"Effect"
"100","PopulationDecline","Increased",0.2401,"SeaSurfaceTemp",0.12,"Effect"
"101","PopulationDecline","None",0.5274,"SeaSurfaceTemp",0.12,"Effect"
"102","PopulationDecline","Reduced",0.2326,"SeaSurfaceTemp",0.12,"Effect"
"103","Growth","Effect",0.2031,"SeaSurfaceTemp",0.12,"Effect"
"104","Growth","No Effect",0.7982,"SeaSurfaceTemp",0.12,"Effect"
"105","Mortality","Effect",0.0842,"SeaSurfaceTemp",0.12,"Effect"
"106","Mortality","No Effect",0.9125,"SeaSurfaceTemp",0.12,"Effect"
"107","ReproductiveRate","Effect",0.2011,"SeaSurfaceTemp",0.12,"Effect"
"108","ReproductiveRate","No Effect",0.8017,"SeaSurfaceTemp",0.12,"Effect"
"109","PopulationDecline","Increased",0.2475,"SeaSurfaceTemp",0.13,"Effect"
"110","PopulationDecline","None",0.5328,"SeaSurfaceTemp",0.13,"Effect"
"111","PopulationDecline","Reduced",0.2267,"SeaSurfaceTemp",0.13,"Effect"
"112","Growth","Effect",0.2022,"SeaSurfaceTemp",0.13,"Effect"
"113","Growth","No Effect",0.8016,"SeaSurfaceTemp",0.13,"Effect"
"114","Mortality","Effect",0.0865,"SeaSurfaceTemp",0.13,"Effect"
"115","Mortality","No Effect",0.9111,"SeaSurfaceTemp",0.13,"Effect"
"116","ReproductiveRate","Effect",0.1981,"SeaSurfaceTemp",0.13,"Effect"
"117","ReproductiveRate","No Effect",0.7983,"SeaSurfaceTemp",0.13,"Effect"
"118","PopulationDecline","Increased",0.2463,"SeaSurfaceTemp",0.14,"Effect"
"119","PopulationDecline","None",0.5315,"SeaSurfaceTemp",0.14,"Effect"
"120","PopulationDecline","Reduced",0.2278,"SeaSurfaceTemp",0.14,"Effect"
"121","Growth","Effect",0.1936,"SeaSurfaceTemp",0.14,"Effect"
"122","Growth","No Effect",0.7949,"SeaSurfaceTemp",0.14,"Effect"
"123","Mortality","Effect",0.0825,"SeaSurfaceTemp",0.14,"Effect"
"124","Mortality","No Effect",0.9142,"SeaSurfaceTemp",0.14,"Effect"
"125","ReproductiveRate","Effect",0.1955,"SeaSurfaceTemp",0.14,"Effect"
"126","ReproductiveRate","No Effect",0.7997,"SeaSurfaceTemp",0.14,"Effect"
"127","PopulationDecline","Increased",0.2403,"SeaSurfaceTemp",0.15,"Effect"
"128","PopulationDecline","None",0.5414,"SeaSurfaceTemp",0.15,"Effect"
"129","PopulationDecline","Reduced",0.2265,"SeaSurfaceTemp",0.15,"Effect"
"130","Growth","Effect",0.1987,"SeaSurfaceTemp",0.15,"Effect"
"131","Growth","No Effect",0.8089,"SeaSurfaceTemp",0.15,"Effect"
"132","Mortality","Effect",0.0892,"SeaSurfaceTemp",0.15,"Effect"
"133","Mortality","No Effect",0.9076,"SeaSurfaceTemp",0.15,"Effect"
"134","ReproductiveRate","Effect",0.2063,"SeaSurfaceTemp",0.15,"Effect"
"135","ReproductiveRate","No Effect",0.8002,"SeaSurfaceTemp",0.15,"Effect"
"136","PopulationDecline","Increased",0.2385,"SeaSurfaceTemp",0.16,"Effect"
"137","PopulationDecline","None",0.5306,"SeaSurfaceTemp",0.16,"Effect"
"138","PopulationDecline","Reduced",0.2206,"SeaSurfaceTemp",0.16,"Effect"
"139","Growth","Effect",0.2026,"SeaSurfaceTemp",0.16,"Effect"
"140","Growth","No Effect",0.8001,"SeaSurfaceTemp",0.16,"Effect"
"141","Mortality","Effect",0.0837,"SeaSurfaceTemp",0.16,"Effect"
"142","Mortality","No Effect",0.9089,"SeaSurfaceTemp",0.16,"Effect"
"143","ReproductiveRate","Effect",0.1962,"SeaSurfaceTemp",0.16,"Effect"
"144","ReproductiveRate","No Effect",0.8042,"SeaSurfaceTemp",0.16,"Effect"
"145","PopulationDecline","Increased",0.2447,"SeaSurfaceTemp",0.17,"Effect"
"146","PopulationDecline","None",0.5321,"SeaSurfaceTemp",0.17,"Effect"
"147","PopulationDecline","Reduced",0.2192,"SeaSurfaceTemp",0.17,"Effect"
"148","Growth","Effect",0.2041,"SeaSurfaceTemp",0.17,"Effect"
"149","Growth","No Effect",0.7992,"SeaSurfaceTemp",0.17,"Effect"
"150","Mortality","Effect",0.0875,"SeaSurfaceTemp",0.17,"Effect"
"151","Mortality","No Effect",0.9137,"SeaSurfaceTemp",0.17,"Effect"
"152","ReproductiveRate","Effect",0.1919,"SeaSurfaceTemp",0.17,"Effect"
"153","ReproductiveRate","No Effect",0.7989,"SeaSurfaceTemp",0.17,"Effect"
"154","PopulationDecline","Increased",0.249,"SeaSurfaceTemp",0.18,"Effect"
"155","PopulationDecline","None",0.5292,"SeaSurfaceTemp",0.18,"Effect"
"156","PopulationDecline","Reduced",0.2267,"SeaSurfaceTemp",0.18,"Effect"
"157","Growth","Effect",0.208,"SeaSurfaceTemp",0.18,"Effect"
"158","Growth","No Effect",0.8017,"SeaSurfaceTemp",0.18,"Effect"
"159","Mortality","Effect",0.0892,"SeaSurfaceTemp",0.18,"Effect"
"160","Mortality","No Effect",0.917,"SeaSurfaceTemp",0.18,"Effect"
"161","ReproductiveRate","Effect",0.1936,"SeaSurfaceTemp",0.18,"Effect"
"162","ReproductiveRate","No Effect",0.805,"SeaSurfaceTemp",0.18,"Effect"
"163","PopulationDecline","Increased",0.241,"SeaSurfaceTemp",0.19,"Effect"
"164","PopulationDecline","None",0.5293,"SeaSurfaceTemp",0.19,"Effect"
"165","PopulationDecline","Reduced",0.2324,"SeaSurfaceTemp",0.19,"Effect"
"166","Growth","Effect",0.198,"SeaSurfaceTemp",0.19,"Effect"
"167","Growth","No Effect",0.797,"SeaSurfaceTemp",0.19,"Effect"
"168","Mortality","Effect",0.0855,"SeaSurfaceTemp",0.19,"Effect"
"169","Mortality","No Effect",0.9172,"SeaSurfaceTemp",0.19,"Effect"
"170","ReproductiveRate","Effect",0.1959,"SeaSurfaceTemp",0.19,"Effect"
"171","ReproductiveRate","No Effect",0.8039,"SeaSurfaceTemp",0.19,"Effect"
"172","PopulationDecline","Increased",0.2378,"SeaSurfaceTemp",0.2,"Effect"
"173","PopulationDecline","None",0.5315,"SeaSurfaceTemp",0.2,"Effect"
"174","PopulationDecline","Reduced",0.233,"SeaSurfaceTemp",0.2,"Effect"
"175","Growth","Effect",0.2068,"SeaSurfaceTemp",0.2,"Effect"
"176","Growth","No Effect",0.7997,"SeaSurfaceTemp",0.2,"Effect"
"177","Mortality","Effect",0.0863,"SeaSurfaceTemp",0.2,"Effect"
"178","Mortality","No Effect",0.909,"SeaSurfaceTemp",0.2,"Effect"
"179","ReproductiveRate","Effect",0.1975,"SeaSurfaceTemp",0.2,"Effect"
"180","ReproductiveRate","No Effect",0.8045,"SeaSurfaceTemp",0.2,"Effect"
"181","PopulationDecline","Increased",0.2401,"SeaSurfaceTemp",0.21,"Effect"
"182","PopulationDecline","None",0.5217,"SeaSurfaceTemp",0.21,"Effect"
"183","PopulationDecline","Reduced",0.2299,"SeaSurfaceTemp",0.21,"Effect"
"184","Growth","Effect",0.1989,"SeaSurfaceTemp",0.21,"Effect"
"185","Growth","No Effect",0.7928,"SeaSurfaceTemp",0.21,"Effect"
"186","Mortality","Effect",0.085,"SeaSurfaceTemp",0.21,"Effect"
"187","Mortality","No Effect",0.9133,"SeaSurfaceTemp",0.21,"Effect"
"188","ReproductiveRate","Effect",0.1998,"SeaSurfaceTemp",0.21,"Effect"
"189","ReproductiveRate","No Effect",0.8023,"SeaSurfaceTemp",0.21,"Effect"
"190","PopulationDecline","Increased",0.2486,"SeaSurfaceTemp",0.22,"Effect"
"191","PopulationDecline","None",0.5351,"SeaSurfaceTemp",0.22,"Effect"
"192","PopulationDecline","Reduced",0.2249,"SeaSurfaceTemp",0.22,"Effect"
"193","Growth","Effect",0.2057,"SeaSurfaceTemp",0.22,"Effect"
"194","Growth","No Effect",0.7995,"SeaSurfaceTemp",0.22,"Effect"
"195","Mortality","Effect",0.0841,"SeaSurfaceTemp",0.22,"Effect"
"196","Mortality","No Effect",0.9135,"SeaSurfaceTemp",0.22,"Effect"
"197","ReproductiveRate","Effect",0.199,"SeaSurfaceTemp",0.22,"Effect"
"198","ReproductiveRate","No Effect",0.7993,"SeaSurfaceTemp",0.22,"Effect"
"199","PopulationDecline","Increased",0.2465,"SeaSurfaceTemp",0.23,"Effect"
"200","PopulationDecline","None",0.5292,"SeaSurfaceTemp",0.23,"Effect"
"201","PopulationDecline","Reduced",0.2255,"SeaSurfaceTemp",0.23,"Effect"
"202","Growth","Effect",0.2012,"SeaSurfaceTemp",0.23,"Effect"
"203","Growth","No Effect",0.8047,"SeaSurfaceTemp",0.23,"Effect"
"204","Mortality","Effect",0.0836,"SeaSurfaceTemp",0.23,"Effect"
"205","Mortality","No Effect",0.9158,"SeaSurfaceTemp",0.23,"Effect"
"206","ReproductiveRate","Effect",0.198,"SeaSurfaceTemp",0.23,"Effect"
"207","ReproductiveRate","No Effect",0.804,"SeaSurfaceTemp",0.23,"Effect"
"208","PopulationDecline","Increased",0.2469,"SeaSurfaceTemp",0.24,"Effect"
"209","PopulationDecline","None",0.5383,"SeaSurfaceTemp",0.24,"Effect"
"210","PopulationDecline","Reduced",0.2294,"SeaSurfaceTemp",0.24,"Effect"
"211","Growth","Effect",0.2019,"SeaSurfaceTemp",0.24,"Effect"
"212","Growth","No Effect",0.8022,"SeaSurfaceTemp",0.24,"Effect"
"213","Mortality","Effect",0.0832,"SeaSurfaceTemp",0.24,"Effect"
"214","Mortality","No Effect",0.9159,"SeaSurfaceTemp",0.24,"Effect"
"215","ReproductiveRate","Effect",0.1982,"SeaSurfaceTemp",0.24,"Effect"
"216","ReproductiveRate","No Effect",0.7962,"SeaSurfaceTemp",0.24,"Effect"
"217","PopulationDecline","Increased",0.2407,"SeaSurfaceTemp",0.25,"Effect"
"218","PopulationDecline","None",0.5313,"SeaSurfaceTemp",0.25,"Effect"
"219","PopulationDecline","Reduced",0.2189,"SeaSurfaceTemp",0.25,"Effect"
"220","Growth","Effect",0.2007,"SeaSurfaceTemp",0.25,"Effect"
"221","Growth","No Effect",0.7879,"SeaSurfaceTemp",0.25,"Effect"
"222","Mortality","Effect",0.0856,"SeaSurfaceTemp",0.25,"Effect"
"223","Mortality","No Effect",0.9143,"SeaSurfaceTemp",0.25,"Effect"
"224","ReproductiveRate","Effect",0.2025,"SeaSurfaceTemp",0.25,"Effect"
"225","ReproductiveRate","No Effect",0.8001,"SeaSurfaceTemp",0.25,"Effect"
"226","PopulationDecline","Increased",0.2399,"SeaSurfaceTemp",0.26,"Effect"
"227","PopulationDecline","None",0.5328,"SeaSurfaceTemp",0.26,"Effect"
"228","PopulationDecline","Reduced",0.2217,"SeaSurfaceTemp",0.26,"Effect"
"229","Growth","Effect",0.2032,"SeaSurfaceTemp",0.26,"Effect"
"230","Growth","No Effect",0.8025,"SeaSurfaceTemp",0.26,"Effect"
"231","Mortality","Effect",0.0835,"SeaSurfaceTemp",0.26,"Effect"
"232","Mortality","No Effect",0.9161,"SeaSurfaceTemp",0.26,"Effect"
"233","ReproductiveRate","Effect",0.2024,"SeaSurfaceTemp",0.26,"Effect"
"234","ReproductiveRate","No Effect",0.8066,"SeaSurfaceTemp",0.26,"Effect"
"235","PopulationDecline","Increased",0.2436,"SeaSurfaceTemp",0.27,"Effect"
"236","PopulationDecline","None",0.5332,"SeaSurfaceTemp",0.27,"Effect"
"237","PopulationDecline","Reduced",0.2205,"SeaSurfaceTemp",0.27,"Effect"
"238","Growth","Effect",0.2039,"SeaSurfaceTemp",0.27,"Effect"
"239","Growth","No Effect",0.7986,"SeaSurfaceTemp",0.27,"Effect"
"240","Mortality","Effect",0.0855,"SeaSurfaceTemp",0.27,"Effect"
"241","Mortality","No Effect",0.914,"SeaSurfaceTemp",0.27,"Effect"
"242","ReproductiveRate","Effect",0.2008,"SeaSurfaceTemp",0.27,"Effect"
"243","ReproductiveRate","No Effect",0.8012,"SeaSurfaceTemp",0.27,"Effect"
"244","PopulationDecline","Increased",0.2425,"SeaSurfaceTemp",0.28,"Effect"
"245","PopulationDecline","None",0.5402,"SeaSurfaceTemp",0.28,"Effect"
"246","PopulationDecline","Reduced",0.226,"SeaSurfaceTemp",0.28,"Effect"
"247","Growth","Effect",0.2051,"SeaSurfaceTemp",0.28,"Effect"
"248","Growth","No Effect",0.8034,"SeaSurfaceTemp",0.28,"Effect"
"249","Mortality","Effect",0.079,"SeaSurfaceTemp",0.28,"Effect"
"250","Mortality","No Effect",0.918,"SeaSurfaceTemp",0.28,"Effect"
"251","ReproductiveRate","Effect",0.203,"SeaSurfaceTemp",0.28,"Effect"
"252","ReproductiveRate","No Effect",0.801,"SeaSurfaceTemp",0.28,"Effect"
"253","PopulationDecline","Increased",0.2407,"SeaSurfaceTemp",0.29,"Effect"
"254","PopulationDecline","None",0.5289,"SeaSurfaceTemp",0.29,"Effect"
"255","PopulationDecline","Reduced",0.2216,"SeaSurfaceTemp",0.29,"Effect"
"256","Growth","Effect",0.1992,"SeaSurfaceTemp",0.29,"Effect"
"257","Growth","No Effect",0.7978,"SeaSurfaceTemp",0.29,"Effect"
"258","Mortality","Effect",0.0833,"SeaSurfaceTemp",0.29,"Effect"
"259","Mortality","No Effect",0.916,"SeaSurfaceTemp",0.29,"Effect"
"260","ReproductiveRate","Effect",0.2022,"SeaSurfaceTemp",0.29,"Effect"
"261","ReproductiveRate","No Effect",0.8111,"SeaSurfaceTemp",0.29,"Effect"
"262","PopulationDecline","Increased",0.2396,"SeaSurfaceTemp",0.3,"Effect"
"263","PopulationDecline","None",0.5364,"SeaSurfaceTemp",0.3,"Effect"
"264","PopulationDecline","Reduced",0.2332,"SeaSurfaceTemp",0.3,"Effect"
"265","Growth","Effect",0.2051,"SeaSurfaceTemp",0.3,"Effect"
"266","Growth","No Effect",0.7989,"SeaSurfaceTemp",0.3,"Effect"
"267","Mortality","Effect",0.0874,"SeaSurfaceTemp",0.3,"Effect"
"268","Mortality","No Effect",0.9185,"SeaSurfaceTemp",0.3,"Effect"
"269","ReproductiveRate","Effect",0.1993,"SeaSurfaceTemp",0.3,"Effect"
"270","ReproductiveRate","No Effect",0.8014,"SeaSurfaceTemp",0.3,"Effect"
"271","PopulationDecline","Increased",0.2426,"SeaSurfaceTemp",0.31,"Effect"
"272","PopulationDecline","None",0.5269,"SeaSurfaceTemp",0.31,"Effect"
"273","PopulationDecline","Reduced",0.2295,"SeaSurfaceTemp",0.31,"Effect"
"274","Growth","Effect",0.2034,"SeaSurfaceTemp",0.31,"Effect"
"275","Growth","No Effect",0.7935,"SeaSurfaceTemp",0.31,"Effect"
"276","Mortality","Effect",0.0847,"SeaSurfaceTemp",0.31,"Effect"
"277","Mortality","No Effect",0.9192,"SeaSurfaceTemp",0.31,"Effect"
"278","ReproductiveRate","Effect",0.1988,"SeaSurfaceTemp",0.31,"Effect"
"279","ReproductiveRate","No Effect",0.8036,"SeaSurfaceTemp",0.31,"Effect"
"280","PopulationDecline","Increased",0.2325,"SeaSurfaceTemp",0.32,"Effect"
"281","PopulationDecline","None",0.532,"SeaSurfaceTemp",0.32,"Effect"
"282","PopulationDecline","Reduced",0.228,"SeaSurfaceTemp",0.32,"Effect"
"283","Growth","Effect",0.2005,"SeaSurfaceTemp",0.32,"Effect"
"284","Growth","No Effect",0.7936,"SeaSurfaceTemp",0.32,"Effect"
"285","Mortality","Effect",0.0824,"SeaSurfaceTemp",0.32,"Effect"
"286","Mortality","No Effect",0.9161,"SeaSurfaceTemp",0.32,"Effect"
"287","ReproductiveRate","Effect",0.2033,"SeaSurfaceTemp",0.32,"Effect"
"288","ReproductiveRate","No Effect",0.8057,"SeaSurfaceTemp",0.32,"Effect"
"289","PopulationDecline","Increased",0.237,"SeaSurfaceTemp",0.33,"Effect"
"290","PopulationDecline","None",0.5235,"SeaSurfaceTemp",0.33,"Effect"
"291","PopulationDecline","Reduced",0.2277,"SeaSurfaceTemp",0.33,"Effect"
"292","Growth","Effect",0.2007,"SeaSurfaceTemp",0.33,"Effect"
"293","Growth","No Effect",0.8037,"SeaSurfaceTemp",0.33,"Effect"
"294","Mortality","Effect",0.0819,"SeaSurfaceTemp",0.33,"Effect"
"295","Mortality","No Effect",0.9179,"SeaSurfaceTemp",0.33,"Effect"
"296","ReproductiveRate","Effect",0.2024,"SeaSurfaceTemp",0.33,"Effect"
"297","ReproductiveRate","No Effect",0.8007,"SeaSurfaceTemp",0.33,"Effect"
"298","PopulationDecline","Increased",0.2468,"SeaSurfaceTemp",0.34,"Effect"
"299","PopulationDecline","None",0.5284,"SeaSurfaceTemp",0.34,"Effect"
"300","PopulationDecline","Reduced",0.224,"SeaSurfaceTemp",0.34,"Effect"
"301","Growth","Effect",0.2047,"SeaSurfaceTemp",0.34,"Effect"
"302","Growth","No Effect",0.7996,"SeaSurfaceTemp",0.34,"Effect"
"303","Mortality","Effect",0.0835,"SeaSurfaceTemp",0.34,"Effect"
"304","Mortality","No Effect",0.9194,"SeaSurfaceTemp",0.34,"Effect"
"305","ReproductiveRate","Effect",0.2038,"SeaSurfaceTemp",0.34,"Effect"
"306","ReproductiveRate","No Effect",0.8031,"SeaSurfaceTemp",0.34,"Effect"
"307","PopulationDecline","Increased",0.2458,"SeaSurfaceTemp",0.35,"Effect"
"308","PopulationDecline","None",0.5229,"SeaSurfaceTemp",0.35,"Effect"
"309","PopulationDecline","Reduced",0.2281,"SeaSurfaceTemp",0.35,"Effect"
"310","Growth","Effect",0.2022,"SeaSurfaceTemp",0.35,"Effect"
"311","Growth","No Effect",0.7963,"SeaSurfaceTemp",0.35,"Effect"
"312","Mortality","Effect",0.0809,"SeaSurfaceTemp",0.35,"Effect"
"313","Mortality","No Effect",0.9195,"SeaSurfaceTemp",0.35,"Effect"
"314","ReproductiveRate","Effect",0.2,"SeaSurfaceTemp",0.35,"Effect"
"315","ReproductiveRate","No Effect",0.8079,"SeaSurfaceTemp",0.35,"Effect"
"316","PopulationDecline","Increased",0.2492,"SeaSurfaceTemp",0.36,"Effect"
"317","PopulationDecline","None",0.5302,"SeaSurfaceTemp",0.36,"Effect"
"318","PopulationDecline","Reduced",0.2289,"SeaSurfaceTemp",0.36,"Effect"
"319","Growth","Effect",0.2047,"SeaSurfaceTemp",0.36,"Effect"
"320","Growth","No Effect",0.8005,"SeaSurfaceTemp",0.36,"Effect"
"321","Mortality","Effect",0.0781,"SeaSurfaceTemp",0.36,"Effect"
"322","Mortality","No Effect",0.9205,"SeaSurfaceTemp",0.36,"Effect"
"323","ReproductiveRate","Effect",0.2047,"SeaSurfaceTemp",0.36,"Effect"
"324","ReproductiveRate","No Effect",0.7953,"SeaSurfaceTemp",0.36,"Effect"
"325","PopulationDecline","Increased",0.2393,"SeaSurfaceTemp",0.37,"Effect"
"326","PopulationDecline","None",0.5219,"SeaSurfaceTemp",0.37,"Effect"
"327","PopulationDecline","Reduced",0.2333,"SeaSurfaceTemp",0.37,"Effect"
"328","Growth","Effect",0.1983,"SeaSurfaceTemp",0.37,"Effect"
"329","Growth","No Effect",0.7988,"SeaSurfaceTemp",0.37,"Effect"
"330","Mortality","Effect",0.08,"SeaSurfaceTemp",0.37,"Effect"
"331","Mortality","No Effect",0.9242,"SeaSurfaceTemp",0.37,"Effect"
"332","ReproductiveRate","Effect",0.2014,"SeaSurfaceTemp",0.37,"Effect"
"333","ReproductiveRate","No Effect",0.7929,"SeaSurfaceTemp",0.37,"Effect"
"334","PopulationDecline","Increased",0.2349,"SeaSurfaceTemp",0.38,"Effect"
"335","PopulationDecline","None",0.5305,"SeaSurfaceTemp",0.38,"Effect"
"336","PopulationDecline","Reduced",0.2299,"SeaSurfaceTemp",0.38,"Effect"
"337","Growth","Effect",0.2008,"SeaSurfaceTemp",0.38,"Effect"
"338","Growth","No Effect",0.8091,"SeaSurfaceTemp",0.38,"Effect"
"339","Mortality","Effect",0.0761,"SeaSurfaceTemp",0.38,"Effect"
"340","Mortality","No Effect",0.9205,"SeaSurfaceTemp",0.38,"Effect"
"341","ReproductiveRate","Effect",0.205,"SeaSurfaceTemp",0.38,"Effect"
"342","ReproductiveRate","No Effect",0.7971,"SeaSurfaceTemp",0.38,"Effect"
"343","PopulationDecline","Increased",0.2445,"SeaSurfaceTemp",0.39,"Effect"
"344","PopulationDecline","None",0.53,"SeaSurfaceTemp",0.39,"Effect"
"345","PopulationDecline","Reduced",0.2227,"SeaSurfaceTemp",0.39,"Effect"
"346","Growth","Effect",0.2025,"SeaSurfaceTemp",0.39,"Effect"
"347","Growth","No Effect",0.7978,"SeaSurfaceTemp",0.39,"Effect"
"348","Mortality","Effect",0.0799,"SeaSurfaceTemp",0.39,"Effect"
"349","Mortality","No Effect",0.9169,"SeaSurfaceTemp",0.39,"Effect"
"350","ReproductiveRate","Effect",0.2009,"SeaSurfaceTemp",0.39,"Effect"
"351","ReproductiveRate","No Effect",0.8073,"SeaSurfaceTemp",0.39,"Effect"
"352","PopulationDecline","Increased",0.2453,"SeaSurfaceTemp",0.4,"Effect"
"353","PopulationDecline","None",0.5262,"SeaSurfaceTemp",0.4,"Effect"
"354","PopulationDecline","Reduced",0.2236,"SeaSurfaceTemp",0.4,"Effect"
"355","Growth","Effect",0.1987,"SeaSurfaceTemp",0.4,"Effect"
"356","Growth","No Effect",0.7945,"SeaSurfaceTemp",0.4,"Effect"
"357","Mortality","Effect",0.0785,"SeaSurfaceTemp",0.4,"Effect"
"358","Mortality","No Effect",0.9242,"SeaSurfaceTemp",0.4,"Effect"
"359","ReproductiveRate","Effect",0.1962,"SeaSurfaceTemp",0.4,"Effect"
"360","ReproductiveRate","No Effect",0.8009,"SeaSurfaceTemp",0.4,"Effect"
"361","PopulationDecline","Increased",0.2416,"SeaSurfaceTemp",0.41,"Effect"
"362","PopulationDecline","None",0.5273,"SeaSurfaceTemp",0.41,"Effect"
"363","PopulationDecline","Reduced",0.2276,"SeaSurfaceTemp",0.41,"Effect"
"364","Growth","Effect",0.1966,"SeaSurfaceTemp",0.41,"Effect"
"365","Growth","No Effect",0.7971,"SeaSurfaceTemp",0.41,"Effect"
"366","Mortality","Effect",0.0829,"SeaSurfaceTemp",0.41,"Effect"
"367","Mortality","No Effect",0.9182,"SeaSurfaceTemp",0.41,"Effect"
"368","ReproductiveRate","Effect",0.204,"SeaSurfaceTemp",0.41,"Effect"
"369","ReproductiveRate","No Effect",0.8028,"SeaSurfaceTemp",0.41,"Effect"
"370","PopulationDecline","Increased",0.2404,"SeaSurfaceTemp",0.42,"Effect"
"371","PopulationDecline","None",0.5272,"SeaSurfaceTemp",0.42,"Effect"
"372","PopulationDecline","Reduced",0.229,"SeaSurfaceTemp",0.42,"Effect"
"373","Growth","Effect",0.2041,"SeaSurfaceTemp",0.42,"Effect"
"374","Growth","No Effect",0.802,"SeaSurfaceTemp",0.42,"Effect"
"375","Mortality","Effect",0.0819,"SeaSurfaceTemp",0.42,"Effect"
"376","Mortality","No Effect",0.9182,"SeaSurfaceTemp",0.42,"Effect"
"377","ReproductiveRate","Effect",0.2086,"SeaSurfaceTemp",0.42,"Effect"
"378","ReproductiveRate","No Effect",0.8019,"SeaSurfaceTemp",0.42,"Effect"
"379","PopulationDecline","Increased",0.2443,"SeaSurfaceTemp",0.43,"Effect"
"380","PopulationDecline","None",0.5319,"SeaSurfaceTemp",0.43,"Effect"
"381","PopulationDecline","Reduced",0.229,"SeaSurfaceTemp",0.43,"Effect"
"382","Growth","Effect",0.1998,"SeaSurfaceTemp",0.43,"Effect"
"383","Growth","No Effect",0.7962,"SeaSurfaceTemp",0.43,"Effect"
"384","Mortality","Effect",0.082,"SeaSurfaceTemp",0.43,"Effect"
"385","Mortality","No Effect",0.9247,"SeaSurfaceTemp",0.43,"Effect"
"386","ReproductiveRate","Effect",0.2092,"SeaSurfaceTemp",0.43,"Effect"
"387","ReproductiveRate","No Effect",0.7941,"SeaSurfaceTemp",0.43,"Effect"
"388","PopulationDecline","Increased",0.2402,"SeaSurfaceTemp",0.44,"Effect"
"389","PopulationDecline","None",0.5314,"SeaSurfaceTemp",0.44,"Effect"
"390","PopulationDecline","Reduced",0.2241,"SeaSurfaceTemp",0.44,"Effect"
"391","Growth","Effect",0.2002,"SeaSurfaceTemp",0.44,"Effect"
"392","Growth","No Effect",0.7936,"SeaSurfaceTemp",0.44,"Effect"
"393","Mortality","Effect",0.0793,"SeaSurfaceTemp",0.44,"Effect"
"394","Mortality","No Effect",0.9153,"SeaSurfaceTemp",0.44,"Effect"
"395","ReproductiveRate","Effect",0.2036,"SeaSurfaceTemp",0.44,"Effect"
"396","ReproductiveRate","No Effect",0.7931,"SeaSurfaceTemp",0.44,"Effect"
"397","PopulationDecline","Increased",0.2395,"SeaSurfaceTemp",0.45,"Effect"
"398","PopulationDecline","None",0.5309,"SeaSurfaceTemp",0.45,"Effect"
"399","PopulationDecline","Reduced",0.2165,"SeaSurfaceTemp",0.45,"Effect"
"400","Growth","Effect",0.2038,"SeaSurfaceTemp",0.45,"Effect"
"401","Growth","No Effect",0.8043,"SeaSurfaceTemp",0.45,"Effect"
"402","Mortality","Effect",0.0817,"SeaSurfaceTemp",0.45,"Effect"
"403","Mortality","No Effect",0.918,"SeaSurfaceTemp",0.45,"Effect"
"404","ReproductiveRate","Effect",0.2047,"SeaSurfaceTemp",0.45,"Effect"
"405","ReproductiveRate","No Effect",0.801,"SeaSurfaceTemp",0.45,"Effect"
"406","PopulationDecline","Increased",0.2573,"SeaSurfaceTemp",0.46,"Effect"
"407","PopulationDecline","None",0.5295,"SeaSurfaceTemp",0.46,"Effect"
"408","PopulationDecline","Reduced",0.2311,"SeaSurfaceTemp",0.46,"Effect"
"409","Growth","Effect",0.1992,"SeaSurfaceTemp",0.46,"Effect"
"410","Growth","No Effect",0.798,"SeaSurfaceTemp",0.46,"Effect"
"411","Mortality","Effect",0.0783,"SeaSurfaceTemp",0.46,"Effect"
"412","Mortality","No Effect",0.9189,"SeaSurfaceTemp",0.46,"Effect"
"413","ReproductiveRate","Effect",0.2052,"SeaSurfaceTemp",0.46,"Effect"
"414","ReproductiveRate","No Effect",0.7973,"SeaSurfaceTemp",0.46,"Effect"
"415","PopulationDecline","Increased",0.2397,"SeaSurfaceTemp",0.47,"Effect"
"416","PopulationDecline","None",0.54,"SeaSurfaceTemp",0.47,"Effect"
"417","PopulationDecline","Reduced",0.2284,"SeaSurfaceTemp",0.47,"Effect"
"418","Growth","Effect",0.2116,"SeaSurfaceTemp",0.47,"Effect"
"419","Growth","No Effect",0.8003,"SeaSurfaceTemp",0.47,"Effect"
"420","Mortality","Effect",0.0778,"SeaSurfaceTemp",0.47,"Effect"
"421","Mortality","No Effect",0.9191,"SeaSurfaceTemp",0.47,"Effect"
"422","ReproductiveRate","Effect",0.2019,"SeaSurfaceTemp",0.47,"Effect"
"423","ReproductiveRate","No Effect",0.7907,"SeaSurfaceTemp",0.47,"Effect"
"424","PopulationDecline","Increased",0.2504,"SeaSurfaceTemp",0.48,"Effect"
"425","PopulationDecline","None",0.5195,"SeaSurfaceTemp",0.48,"Effect"
"426","PopulationDecline","Reduced",0.2243,"SeaSurfaceTemp",0.48,"Effect"
"427","Growth","Effect",0.2009,"SeaSurfaceTemp",0.48,"Effect"
"428","Growth","No Effect",0.7968,"SeaSurfaceTemp",0.48,"Effect"
"429","Mortality","Effect",0.0759,"SeaSurfaceTemp",0.48,"Effect"
"430","Mortality","No Effect",0.925,"SeaSurfaceTemp",0.48,"Effect"
"431","ReproductiveRate","Effect",0.2027,"SeaSurfaceTemp",0.48,"Effect"
"432","ReproductiveRate","No Effect",0.7888,"SeaSurfaceTemp",0.48,"Effect"
"433","PopulationDecline","Increased",0.243,"SeaSurfaceTemp",0.49,"Effect"
"434","PopulationDecline","None",0.5333,"SeaSurfaceTemp",0.49,"Effect"
"435","PopulationDecline","Reduced",0.2231,"SeaSurfaceTemp",0.49,"Effect"
"436","Growth","Effect",0.2019,"SeaSurfaceTemp",0.49,"Effect"
"437","Growth","No Effect",0.7959,"SeaSurfaceTemp",0.49,"Effect"
"438","Mortality","Effect",0.0796,"SeaSurfaceTemp",0.49,"Effect"
"439","Mortality","No Effect",0.9229,"SeaSurfaceTemp",0.49,"Effect"
"440","ReproductiveRate","Effect",0.2085,"SeaSurfaceTemp",0.49,"Effect"
"441","ReproductiveRate","No Effect",0.7892,"SeaSurfaceTemp",0.49,"Effect"
"442","PopulationDecline","Increased",0.2407,"SeaSurfaceTemp",0.5,"Effect"
"443","PopulationDecline","None",0.5205,"SeaSurfaceTemp",0.5,"Effect"
"444","PopulationDecline","Reduced",0.2273,"SeaSurfaceTemp",0.5,"Effect"
"445","Growth","Effect",0.1968,"SeaSurfaceTemp",0.5,"Effect"
"446","Growth","No Effect",0.7925,"SeaSurfaceTemp",0.5,"Effect"
"447","Mortality","Effect",0.0759,"SeaSurfaceTemp",0.5,"Effect"
"448","Mortality","No Effect",0.9246,"SeaSurfaceTemp",0.5,"Effect"
"449","ReproductiveRate","Effect",0.1963,"SeaSurfaceTemp",0.5,"Effect"
"450","ReproductiveRate","No Effect",0.7938,"SeaSurfaceTemp",0.5,"Effect"
"451","PopulationDecline","Increased",0.246,"SeaSurfaceTemp",0.51,"Effect"
"452","PopulationDecline","None",0.5246,"SeaSurfaceTemp",0.51,"Effect"
"453","PopulationDecline","Reduced",0.2329,"SeaSurfaceTemp",0.51,"Effect"
"454","Growth","Effect",0.1993,"SeaSurfaceTemp",0.51,"Effect"
"455","Growth","No Effect",0.7941,"SeaSurfaceTemp",0.51,"Effect"
"456","Mortality","Effect",0.0802,"SeaSurfaceTemp",0.51,"Effect"
"457","Mortality","No Effect",0.9239,"SeaSurfaceTemp",0.51,"Effect"
"458","ReproductiveRate","Effect",0.2058,"SeaSurfaceTemp",0.51,"Effect"
"459","ReproductiveRate","No Effect",0.7902,"SeaSurfaceTemp",0.51,"Effect"
"460","PopulationDecline","Increased",0.2479,"SeaSurfaceTemp",0.52,"Effect"
"461","PopulationDecline","None",0.5355,"SeaSurfaceTemp",0.52,"Effect"
"462","PopulationDecline","Reduced",0.2294,"SeaSurfaceTemp",0.52,"Effect"
"463","Growth","Effect",0.195,"SeaSurfaceTemp",0.52,"Effect"
"464","Growth","No Effect",0.7937,"SeaSurfaceTemp",0.52,"Effect"
"465","Mortality","Effect",0.0775,"SeaSurfaceTemp",0.52,"Effect"
"466","Mortality","No Effect",0.9229,"SeaSurfaceTemp",0.52,"Effect"
"467","ReproductiveRate","Effect",0.2109,"SeaSurfaceTemp",0.52,"Effect"
"468","ReproductiveRate","No Effect",0.7989,"SeaSurfaceTemp",0.52,"Effect"
"469","PopulationDecline","Increased",0.2405,"SeaSurfaceTemp",0.53,"Effect"
"470","PopulationDecline","None",0.5335,"SeaSurfaceTemp",0.53,"Effect"
"471","PopulationDecline","Reduced",0.2225,"SeaSurfaceTemp",0.53,"Effect"
"472","Growth","Effect",0.2037,"SeaSurfaceTemp",0.53,"Effect"
"473","Growth","No Effect",0.7967,"SeaSurfaceTemp",0.53,"Effect"
"474","Mortality","Effect",0.0765,"SeaSurfaceTemp",0.53,"Effect"
"475","Mortality","No Effect",0.9239,"SeaSurfaceTemp",0.53,"Effect"
"476","ReproductiveRate","Effect",0.2055,"SeaSurfaceTemp",0.53,"Effect"
"477","ReproductiveRate","No Effect",0.7983,"SeaSurfaceTemp",0.53,"Effect"
"478","PopulationDecline","Increased",0.2416,"SeaSurfaceTemp",0.54,"Effect"
"479","PopulationDecline","None",0.5352,"SeaSurfaceTemp",0.54,"Effect"
"480","PopulationDecline","Reduced",0.2241,"SeaSurfaceTemp",0.54,"Effect"
"481","Growth","Effect",0.2011,"SeaSurfaceTemp",0.54,"Effect"
"482","Growth","No Effect",0.7922,"SeaSurfaceTemp",0.54,"Effect"
"483","Mortality","Effect",0.0743,"SeaSurfaceTemp",0.54,"Effect"
"484","Mortality","No Effect",0.925,"SeaSurfaceTemp",0.54,"Effect"
"485","ReproductiveRate","Effect",0.2076,"SeaSurfaceTemp",0.54,"Effect"
"486","ReproductiveRate","No Effect",0.7906,"SeaSurfaceTemp",0.54,"Effect"
"487","PopulationDecline","Increased",0.2418,"SeaSurfaceTemp",0.55,"Effect"
"488","PopulationDecline","None",0.5252,"SeaSurfaceTemp",0.55,"Effect"
"489","PopulationDecline","Reduced",0.2271,"SeaSurfaceTemp",0.55,"Effect"
"490","Growth","Effect",0.1991,"SeaSurfaceTemp",0.55,"Effect"
"491","Growth","No Effect",0.7987,"SeaSurfaceTemp",0.55,"Effect"
"492","Mortality","Effect",0.0738,"SeaSurfaceTemp",0.55,"Effect"
"493","Mortality","No Effect",0.9176,"SeaSurfaceTemp",0.55,"Effect"
"494","ReproductiveRate","Effect",0.2027,"SeaSurfaceTemp",0.55,"Effect"
"495","ReproductiveRate","No Effect",0.7948,"SeaSurfaceTemp",0.55,"Effect"
"496","PopulationDecline","Increased",0.233,"SeaSurfaceTemp",0.56,"Effect"
"497","PopulationDecline","None",0.5315,"SeaSurfaceTemp",0.56,"Effect"
"498","PopulationDecline","Reduced",0.2304,"SeaSurfaceTemp",0.56,"Effect"
"499","Growth","Effect",0.2058,"SeaSurfaceTemp",0.56,"Effect"
"500","Growth","No Effect",0.7934,"SeaSurfaceTemp",0.56,"Effect"
"501","Mortality","Effect",0.0733,"SeaSurfaceTemp",0.56,"Effect"
"502","Mortality","No Effect",0.9226,"SeaSurfaceTemp",0.56,"Effect"
"503","ReproductiveRate","Effect",0.2133,"SeaSurfaceTemp",0.56,"Effect"
"504","ReproductiveRate","No Effect",0.79,"SeaSurfaceTemp",0.56,"Effect"
"505","PopulationDecline","Increased",0.242,"SeaSurfaceTemp",0.57,"Effect"
"506","PopulationDecline","None",0.5338,"SeaSurfaceTemp",0.57,"Effect"
"507","PopulationDecline","Reduced",0.2242,"SeaSurfaceTemp",0.57,"Effect"
"508","Growth","Effect",0.2069,"SeaSurfaceTemp",0.57,"Effect"
"509","Growth","No Effect",0.7964,"SeaSurfaceTemp",0.57,"Effect"
"510","Mortality","Effect",0.0753,"SeaSurfaceTemp",0.57,"Effect"
"511","Mortality","No Effect",0.923,"SeaSurfaceTemp",0.57,"Effect"
"512","ReproductiveRate","Effect",0.2011,"SeaSurfaceTemp",0.57,"Effect"
"513","ReproductiveRate","No Effect",0.7957,"SeaSurfaceTemp",0.57,"Effect"
"514","PopulationDecline","Increased",0.2391,"SeaSurfaceTemp",0.58,"Effect"
"515","PopulationDecline","None",0.529,"SeaSurfaceTemp",0.58,"Effect"
"516","PopulationDecline","Reduced",0.2339,"SeaSurfaceTemp",0.58,"Effect"
"517","Growth","Effect",0.1998,"SeaSurfaceTemp",0.58,"Effect"
"518","Growth","No Effect",0.7952,"SeaSurfaceTemp",0.58,"Effect"
"519","Mortality","Effect",0.0749,"SeaSurfaceTemp",0.58,"Effect"
"520","Mortality","No Effect",0.9271,"SeaSurfaceTemp",0.58,"Effect"
"521","ReproductiveRate","Effect",0.2041,"SeaSurfaceTemp",0.58,"Effect"
"522","ReproductiveRate","No Effect",0.7969,"SeaSurfaceTemp",0.58,"Effect"
"523","PopulationDecline","Increased",0.2393,"SeaSurfaceTemp",0.59,"Effect"
"524","PopulationDecline","None",0.5327,"SeaSurfaceTemp",0.59,"Effect"
"525","PopulationDecline","Reduced",0.2294,"SeaSurfaceTemp",0.59,"Effect"
"526","Growth","Effect",0.2004,"SeaSurfaceTemp",0.59,"Effect"
"527","Growth","No Effect",0.7886,"SeaSurfaceTemp",0.59,"Effect"
"528","Mortality","Effect",0.0765,"SeaSurfaceTemp",0.59,"Effect"
"529","Mortality","No Effect",0.9243,"SeaSurfaceTemp",0.59,"Effect"
"530","ReproductiveRate","Effect",0.2049,"SeaSurfaceTemp",0.59,"Effect"
"531","ReproductiveRate","No Effect",0.7922,"SeaSurfaceTemp",0.59,"Effect"
"532","PopulationDecline","Increased",0.2471,"SeaSurfaceTemp",0.6,"Effect"
"533","PopulationDecline","None",0.5414,"SeaSurfaceTemp",0.6,"Effect"
"534","PopulationDecline","Reduced",0.2295,"SeaSurfaceTemp",0.6,"Effect"
"535","Growth","Effect",0.2058,"SeaSurfaceTemp",0.6,"Effect"
"536","Growth","No Effect",0.8006,"SeaSurfaceTemp",0.6,"Effect"
"537","Mortality","Effect",0.0805,"SeaSurfaceTemp",0.6,"Effect"
"538","Mortality","No Effect",0.9243,"SeaSurfaceTemp",0.6,"Effect"
"539","ReproductiveRate","Effect",0.2081,"SeaSurfaceTemp",0.6,"Effect"
"540","ReproductiveRate","No Effect",0.7949,"SeaSurfaceTemp",0.6,"Effect"
"541","PopulationDecline","Increased",0.2421,"SeaSurfaceTemp",0.61,"Effect"
"542","PopulationDecline","None",0.5313,"SeaSurfaceTemp",0.61,"Effect"
"543","PopulationDecline","Reduced",0.2286,"SeaSurfaceTemp",0.61,"Effect"
"544","Growth","Effect",0.1964,"SeaSurfaceTemp",0.61,"Effect"
"545","Growth","No Effect",0.8001,"SeaSurfaceTemp",0.61,"Effect"
"546","Mortality","Effect",0.0744,"SeaSurfaceTemp",0.61,"Effect"
"547","Mortality","No Effect",0.9274,"SeaSurfaceTemp",0.61,"Effect"
"548","ReproductiveRate","Effect",0.2091,"SeaSurfaceTemp",0.61,"Effect"
"549","ReproductiveRate","No Effect",0.7897,"SeaSurfaceTemp",0.61,"Effect"
"550","PopulationDecline","Increased",0.2335,"SeaSurfaceTemp",0.62,"Effect"
"551","PopulationDecline","None",0.5322,"SeaSurfaceTemp",0.62,"Effect"
"552","PopulationDecline","Reduced",0.2242,"SeaSurfaceTemp",0.62,"Effect"
"553","Growth","Effect",0.2017,"SeaSurfaceTemp",0.62,"Effect"
"554","Growth","No Effect",0.8055,"SeaSurfaceTemp",0.62,"Effect"
"555","Mortality","Effect",0.0753,"SeaSurfaceTemp",0.62,"Effect"
"556","Mortality","No Effect",0.9242,"SeaSurfaceTemp",0.62,"Effect"
"557","ReproductiveRate","Effect",0.2106,"SeaSurfaceTemp",0.62,"Effect"
"558","ReproductiveRate","No Effect",0.7858,"SeaSurfaceTemp",0.62,"Effect"
"559","PopulationDecline","Increased",0.2377,"SeaSurfaceTemp",0.63,"Effect"
"560","PopulationDecline","None",0.5374,"SeaSurfaceTemp",0.63,"Effect"
"561","PopulationDecline","Reduced",0.224,"SeaSurfaceTemp",0.63,"Effect"
"562","Growth","Effect",0.2049,"SeaSurfaceTemp",0.63,"Effect"
"563","Growth","No Effect",0.7952,"SeaSurfaceTemp",0.63,"Effect"
"564","Mortality","Effect",0.0775,"SeaSurfaceTemp",0.63,"Effect"
"565","Mortality","No Effect",0.9223,"SeaSurfaceTemp",0.63,"Effect"
"566","ReproductiveRate","Effect",0.2113,"SeaSurfaceTemp",0.63,"Effect"
"567","ReproductiveRate","No Effect",0.7838,"SeaSurfaceTemp",0.63,"Effect"
"568","PopulationDecline","Increased",0.2375,"SeaSurfaceTemp",0.64,"Effect"
"569","PopulationDecline","None",0.5361,"SeaSurfaceTemp",0.64,"Effect"
"570","PopulationDecline","Reduced",0.2236,"SeaSurfaceTemp",0.64,"Effect"
"571","Growth","Effect",0.2031,"SeaSurfaceTemp",0.64,"Effect"
"572","Growth","No Effect",0.7988,"SeaSurfaceTemp",0.64,"Effect"
"573","Mortality","Effect",0.0786,"SeaSurfaceTemp",0.64,"Effect"
"574","Mortality","No Effect",0.9254,"SeaSurfaceTemp",0.64,"Effect"
"575","ReproductiveRate","Effect",0.2125,"SeaSurfaceTemp",0.64,"Effect"
"576","ReproductiveRate","No Effect",0.7935,"SeaSurfaceTemp",0.64,"Effect"
"577","PopulationDecline","Increased",0.2431,"SeaSurfaceTemp",0.65,"Effect"
"578","PopulationDecline","None",0.5321,"SeaSurfaceTemp",0.65,"Effect"
"579","PopulationDecline","Reduced",0.2228,"SeaSurfaceTemp",0.65,"Effect"
"580","Growth","Effect",0.2051,"SeaSurfaceTemp",0.65,"Effect"
"581","Growth","No Effect",0.7883,"SeaSurfaceTemp",0.65,"Effect"
"582","Mortality","Effect",0.0749,"SeaSurfaceTemp",0.65,"Effect"
"583","Mortality","No Effect",0.9251,"SeaSurfaceTemp",0.65,"Effect"
"584","ReproductiveRate","Effect",0.2049,"SeaSurfaceTemp",0.65,"Effect"
"585","ReproductiveRate","No Effect",0.7896,"SeaSurfaceTemp",0.65,"Effect"
"586","PopulationDecline","Increased",0.2424,"SeaSurfaceTemp",0.66,"Effect"
"587","PopulationDecline","None",0.5211,"SeaSurfaceTemp",0.66,"Effect"
"588","PopulationDecline","Reduced",0.2303,"SeaSurfaceTemp",0.66,"Effect"
"589","Growth","Effect",0.2124,"SeaSurfaceTemp",0.66,"Effect"
"590","Growth","No Effect",0.7994,"SeaSurfaceTemp",0.66,"Effect"
"591","Mortality","Effect",0.0768,"SeaSurfaceTemp",0.66,"Effect"
"592","Mortality","No Effect",0.9291,"SeaSurfaceTemp",0.66,"Effect"
"593","ReproductiveRate","Effect",0.2165,"SeaSurfaceTemp",0.66,"Effect"
"594","ReproductiveRate","No Effect",0.7954,"SeaSurfaceTemp",0.66,"Effect"
"595","PopulationDecline","Increased",0.2483,"SeaSurfaceTemp",0.67,"Effect"
"596","PopulationDecline","None",0.5375,"SeaSurfaceTemp",0.67,"Effect"
"597","PopulationDecline","Reduced",0.2229,"SeaSurfaceTemp",0.67,"Effect"
"598","Growth","Effect",0.1962,"SeaSurfaceTemp",0.67,"Effect"
"599","Growth","No Effect",0.7993,"SeaSurfaceTemp",0.67,"Effect"
"600","Mortality","Effect",0.0727,"SeaSurfaceTemp",0.67,"Effect"
"601","Mortality","No Effect",0.9282,"SeaSurfaceTemp",0.67,"Effect"
"602","ReproductiveRate","Effect",0.2112,"SeaSurfaceTemp",0.67,"Effect"
"603","ReproductiveRate","No Effect",0.7909,"SeaSurfaceTemp",0.67,"Effect"
"604","PopulationDecline","Increased",0.251,"SeaSurfaceTemp",0.68,"Effect"
"605","PopulationDecline","None",0.534,"SeaSurfaceTemp",0.68,"Effect"
"606","PopulationDecline","Reduced",0.222,"SeaSurfaceTemp",0.68,"Effect"
"607","Growth","Effect",0.2019,"SeaSurfaceTemp",0.68,"Effect"
"608","Growth","No Effect",0.7964,"SeaSurfaceTemp",0.68,"Effect"
"609","Mortality","Effect",0.071,"SeaSurfaceTemp",0.68,"Effect"
"610","Mortality","No Effect",0.9286,"SeaSurfaceTemp",0.68,"Effect"
"611","ReproductiveRate","Effect",0.2142,"SeaSurfaceTemp",0.68,"Effect"
"612","ReproductiveRate","No Effect",0.7959,"SeaSurfaceTemp",0.68,"Effect"
"613","PopulationDecline","Increased",0.2419,"SeaSurfaceTemp",0.69,"Effect"
"614","PopulationDecline","None",0.5279,"SeaSurfaceTemp",0.69,"Effect"
"615","PopulationDecline","Reduced",0.2315,"SeaSurfaceTemp",0.69,"Effect"
"616","Growth","Effect",0.2037,"SeaSurfaceTemp",0.69,"Effect"
"617","Growth","No Effect",0.7971,"SeaSurfaceTemp",0.69,"Effect"
"618","Mortality","Effect",0.0688,"SeaSurfaceTemp",0.69,"Effect"
"619","Mortality","No Effect",0.9288,"SeaSurfaceTemp",0.69,"Effect"
"620","ReproductiveRate","Effect",0.2155,"SeaSurfaceTemp",0.69,"Effect"
"621","ReproductiveRate","No Effect",0.7985,"SeaSurfaceTemp",0.69,"Effect"
"622","PopulationDecline","Increased",0.2483,"SeaSurfaceTemp",0.7,"Effect"
"623","PopulationDecline","None",0.5298,"SeaSurfaceTemp",0.7,"Effect"
"624","PopulationDecline","Reduced",0.2294,"SeaSurfaceTemp",0.7,"Effect"
"625","Growth","Effect",0.2002,"SeaSurfaceTemp",0.7,"Effect"
"626","Growth","No Effect",0.8008,"SeaSurfaceTemp",0.7,"Effect"
"627","Mortality","Effect",0.0704,"SeaSurfaceTemp",0.7,"Effect"
"628","Mortality","No Effect",0.9296,"SeaSurfaceTemp",0.7,"Effect"
"629","ReproductiveRate","Effect",0.2038,"SeaSurfaceTemp",0.7,"Effect"
"630","ReproductiveRate","No Effect",0.7901,"SeaSurfaceTemp",0.7,"Effect"
"631","PopulationDecline","Increased",0.2426,"SeaSurfaceTemp",0.71,"Effect"
"632","PopulationDecline","None",0.5285,"SeaSurfaceTemp",0.71,"Effect"
"633","PopulationDecline","Reduced",0.225,"SeaSurfaceTemp",0.71,"Effect"
"634","Growth","Effect",0.2036,"SeaSurfaceTemp",0.71,"Effect"
"635","Growth","No Effect",0.8056,"SeaSurfaceTemp",0.71,"Effect"
"636","Mortality","Effect",0.0744,"SeaSurfaceTemp",0.71,"Effect"
"637","Mortality","No Effect",0.9268,"SeaSurfaceTemp",0.71,"Effect"
"638","ReproductiveRate","Effect",0.2107,"SeaSurfaceTemp",0.71,"Effect"
"639","ReproductiveRate","No Effect",0.7942,"SeaSurfaceTemp",0.71,"Effect"
"640","PopulationDecline","Increased",0.2398,"SeaSurfaceTemp",0.72,"Effect"
"641","PopulationDecline","None",0.5299,"SeaSurfaceTemp",0.72,"Effect"
"642","PopulationDecline","Reduced",0.2301,"SeaSurfaceTemp",0.72,"Effect"
"643","Growth","Effect",0.202,"SeaSurfaceTemp",0.72,"Effect"
"644","Growth","No Effect",0.7974,"SeaSurfaceTemp",0.72,"Effect"
"645","Mortality","Effect",0.0735,"SeaSurfaceTemp",0.72,"Effect"
"646","Mortality","No Effect",0.9262,"SeaSurfaceTemp",0.72,"Effect"
"647","ReproductiveRate","Effect",0.2032,"SeaSurfaceTemp",0.72,"Effect"
"648","ReproductiveRate","No Effect",0.7899,"SeaSurfaceTemp",0.72,"Effect"
"649","PopulationDecline","Increased",0.2456,"SeaSurfaceTemp",0.73,"Effect"
"650","PopulationDecline","None",0.5261,"SeaSurfaceTemp",0.73,"Effect"
"651","PopulationDecline","Reduced",0.2287,"SeaSurfaceTemp",0.73,"Effect"
"652","Growth","Effect",0.1955,"SeaSurfaceTemp",0.73,"Effect"
"653","Growth","No Effect",0.7923,"SeaSurfaceTemp",0.73,"Effect"
"654","Mortality","Effect",0.0719,"SeaSurfaceTemp",0.73,"Effect"
"655","Mortality","No Effect",0.9271,"SeaSurfaceTemp",0.73,"Effect"
"656","ReproductiveRate","Effect",0.2074,"SeaSurfaceTemp",0.73,"Effect"
"657","ReproductiveRate","No Effect",0.786,"SeaSurfaceTemp",0.73,"Effect"
"658","PopulationDecline","Increased",0.2524,"SeaSurfaceTemp",0.74,"Effect"
"659","PopulationDecline","None",0.5336,"SeaSurfaceTemp",0.74,"Effect"
"660","PopulationDecline","Reduced",0.2253,"SeaSurfaceTemp",0.74,"Effect"
"661","Growth","Effect",0.2004,"SeaSurfaceTemp",0.74,"Effect"
"662","Growth","No Effect",0.8026,"SeaSurfaceTemp",0.74,"Effect"
"663","Mortality","Effect",0.0724,"SeaSurfaceTemp",0.74,"Effect"
"664","Mortality","No Effect",0.9277,"SeaSurfaceTemp",0.74,"Effect"
"665","ReproductiveRate","Effect",0.2084,"SeaSurfaceTemp",0.74,"Effect"
"666","ReproductiveRate","No Effect",0.7909,"SeaSurfaceTemp",0.74,"Effect"
"667","PopulationDecline","Increased",0.2423,"SeaSurfaceTemp",0.75,"Effect"
"668","PopulationDecline","None",0.5317,"SeaSurfaceTemp",0.75,"Effect"
"669","PopulationDecline","Reduced",0.2254,"SeaSurfaceTemp",0.75,"Effect"
"670","Growth","Effect",0.2091,"SeaSurfaceTemp",0.75,"Effect"
"671","Growth","No Effect",0.7973,"SeaSurfaceTemp",0.75,"Effect"
"672","Mortality","Effect",0.0753,"SeaSurfaceTemp",0.75,"Effect"
"673","Mortality","No Effect",0.924,"SeaSurfaceTemp",0.75,"Effect"
"674","ReproductiveRate","Effect",0.2143,"SeaSurfaceTemp",0.75,"Effect"
"675","ReproductiveRate","No Effect",0.7878,"SeaSurfaceTemp",0.75,"Effect"
"676","PopulationDecline","Increased",0.2445,"SeaSurfaceTemp",0.76,"Effect"
"677","PopulationDecline","None",0.5233,"SeaSurfaceTemp",0.76,"Effect"
"678","PopulationDecline","Reduced",0.2293,"SeaSurfaceTemp",0.76,"Effect"
"679","Growth","Effect",0.2054,"SeaSurfaceTemp",0.76,"Effect"
"680","Growth","No Effect",0.8023,"SeaSurfaceTemp",0.76,"Effect"
"681","Mortality","Effect",0.0739,"SeaSurfaceTemp",0.76,"Effect"
"682","Mortality","No Effect",0.9286,"SeaSurfaceTemp",0.76,"Effect"
"683","ReproductiveRate","Effect",0.2171,"SeaSurfaceTemp",0.76,"Effect"
"684","ReproductiveRate","No Effect",0.7934,"SeaSurfaceTemp",0.76,"Effect"
"685","PopulationDecline","Increased",0.2433,"SeaSurfaceTemp",0.77,"Effect"
"686","PopulationDecline","None",0.5266,"SeaSurfaceTemp",0.77,"Effect"
"687","PopulationDecline","Reduced",0.2214,"SeaSurfaceTemp",0.77,"Effect"
"688","Growth","Effect",0.2055,"SeaSurfaceTemp",0.77,"Effect"
"689","Growth","No Effect",0.8024,"SeaSurfaceTemp",0.77,"Effect"
"690","Mortality","Effect",0.0746,"SeaSurfaceTemp",0.77,"Effect"
"691","Mortality","No Effect",0.931,"SeaSurfaceTemp",0.77,"Effect"
"692","ReproductiveRate","Effect",0.2076,"SeaSurfaceTemp",0.77,"Effect"
"693","ReproductiveRate","No Effect",0.7925,"SeaSurfaceTemp",0.77,"Effect"
"694","PopulationDecline","Increased",0.2432,"SeaSurfaceTemp",0.78,"Effect"
"695","PopulationDecline","None",0.5281,"SeaSurfaceTemp",0.78,"Effect"
"696","PopulationDecline","Reduced",0.2286,"SeaSurfaceTemp",0.78,"Effect"
"697","Growth","Effect",0.1999,"SeaSurfaceTemp",0.78,"Effect"
"698","Growth","No Effect",0.8019,"SeaSurfaceTemp",0.78,"Effect"
"699","Mortality","Effect",0.0726,"SeaSurfaceTemp",0.78,"Effect"
"700","Mortality","No Effect",0.9305,"SeaSurfaceTemp",0.78,"Effect"
"701","ReproductiveRate","Effect",0.2085,"SeaSurfaceTemp",0.78,"Effect"
"702","ReproductiveRate","No Effect",0.7883,"SeaSurfaceTemp",0.78,"Effect"
"703","PopulationDecline","Increased",0.2429,"SeaSurfaceTemp",0.79,"Effect"
"704","PopulationDecline","None",0.5348,"SeaSurfaceTemp",0.79,"Effect"
"705","PopulationDecline","Reduced",0.2205,"SeaSurfaceTemp",0.79,"Effect"
"706","Growth","Effect",0.2084,"SeaSurfaceTemp",0.79,"Effect"
"707","Growth","No Effect",0.8001,"SeaSurfaceTemp",0.79,"Effect"
"708","Mortality","Effect",0.0712,"SeaSurfaceTemp",0.79,"Effect"
"709","Mortality","No Effect",0.9333,"SeaSurfaceTemp",0.79,"Effect"
"710","ReproductiveRate","Effect",0.2209,"SeaSurfaceTemp",0.79,"Effect"
"711","ReproductiveRate","No Effect",0.7898,"SeaSurfaceTemp",0.79,"Effect"
"712","PopulationDecline","Increased",0.2434,"SeaSurfaceTemp",0.8,"Effect"
"713","PopulationDecline","None",0.5271,"SeaSurfaceTemp",0.8,"Effect"
"714","PopulationDecline","Reduced",0.2197,"SeaSurfaceTemp",0.8,"Effect"
"715","Growth","Effect",0.2049,"SeaSurfaceTemp",0.8,"Effect"
"716","Growth","No Effect",0.7979,"SeaSurfaceTemp",0.8,"Effect"
"717","Mortality","Effect",0.0705,"SeaSurfaceTemp",0.8,"Effect"
"718","Mortality","No Effect",0.9287,"SeaSurfaceTemp",0.8,"Effect"
"719","ReproductiveRate","Effect",0.2167,"SeaSurfaceTemp",0.8,"Effect"
"720","ReproductiveRate","No Effect",0.79,"SeaSurfaceTemp",0.8,"Effect"
"721","PopulationDecline","Increased",0.2436,"SeaSurfaceTemp",0.81,"Effect"
"722","PopulationDecline","None",0.5318,"SeaSurfaceTemp",0.81,"Effect"
"723","PopulationDecline","Reduced",0.2318,"SeaSurfaceTemp",0.81,"Effect"
"724","Growth","Effect",0.2037,"SeaSurfaceTemp",0.81,"Effect"
"725","Growth","No Effect",0.7961,"SeaSurfaceTemp",0.81,"Effect"
"726","Mortality","Effect",0.0665,"SeaSurfaceTemp",0.81,"Effect"
"727","Mortality","No Effect",0.9292,"SeaSurfaceTemp",0.81,"Effect"
"728","ReproductiveRate","Effect",0.2081,"SeaSurfaceTemp",0.81,"Effect"
"729","ReproductiveRate","No Effect",0.7846,"SeaSurfaceTemp",0.81,"Effect"
"730","PopulationDecline","Increased",0.2408,"SeaSurfaceTemp",0.82,"Effect"
"731","PopulationDecline","None",0.5182,"SeaSurfaceTemp",0.82,"Effect"
"732","PopulationDecline","Reduced",0.2268,"SeaSurfaceTemp",0.82,"Effect"
"733","Growth","Effect",0.2013,"SeaSurfaceTemp",0.82,"Effect"
"734","Growth","No Effect",0.7943,"SeaSurfaceTemp",0.82,"Effect"
"735","Mortality","Effect",0.0682,"SeaSurfaceTemp",0.82,"Effect"
"736","Mortality","No Effect",0.9288,"SeaSurfaceTemp",0.82,"Effect"
"737","ReproductiveRate","Effect",0.2133,"SeaSurfaceTemp",0.82,"Effect"
"738","ReproductiveRate","No Effect",0.7922,"SeaSurfaceTemp",0.82,"Effect"
"739","PopulationDecline","Increased",0.2402,"SeaSurfaceTemp",0.83,"Effect"
"740","PopulationDecline","None",0.5298,"SeaSurfaceTemp",0.83,"Effect"
"741","PopulationDecline","Reduced",0.2271,"SeaSurfaceTemp",0.83,"Effect"
"742","Growth","Effect",0.1977,"SeaSurfaceTemp",0.83,"Effect"
"743","Growth","No Effect",0.8005,"SeaSurfaceTemp",0.83,"Effect"
"744","Mortality","Effect",0.0699,"SeaSurfaceTemp",0.83,"Effect"
"745","Mortality","No Effect",0.9287,"SeaSurfaceTemp",0.83,"Effect"
"746","ReproductiveRate","Effect",0.2065,"SeaSurfaceTemp",0.83,"Effect"
"747","ReproductiveRate","No Effect",0.7887,"SeaSurfaceTemp",0.83,"Effect"
"748","PopulationDecline","Increased",0.2401,"SeaSurfaceTemp",0.84,"Effect"
"749","PopulationDecline","None",0.5263,"SeaSurfaceTemp",0.84,"Effect"
"750","PopulationDecline","Reduced",0.2257,"SeaSurfaceTemp",0.84,"Effect"
"751","Growth","Effect",0.2055,"SeaSurfaceTemp",0.84,"Effect"
"752","Growth","No Effect",0.8003,"SeaSurfaceTemp",0.84,"Effect"
"753","Mortality","Effect",0.0688,"SeaSurfaceTemp",0.84,"Effect"
"754","Mortality","No Effect",0.931,"SeaSurfaceTemp",0.84,"Effect"
"755","ReproductiveRate","Effect",0.2104,"SeaSurfaceTemp",0.84,"Effect"
"756","ReproductiveRate","No Effect",0.7859,"SeaSurfaceTemp",0.84,"Effect"
"757","PopulationDecline","Increased",0.2455,"SeaSurfaceTemp",0.85,"Effect"
"758","PopulationDecline","None",0.5288,"SeaSurfaceTemp",0.85,"Effect"
"759","PopulationDecline","Reduced",0.2315,"SeaSurfaceTemp",0.85,"Effect"
"760","Growth","Effect",0.1993,"SeaSurfaceTemp",0.85,"Effect"
"761","Growth","No Effect",0.798,"SeaSurfaceTemp",0.85,"Effect"
"762","Mortality","Effect",0.0697,"SeaSurfaceTemp",0.85,"Effect"
"763","Mortality","No Effect",0.9341,"SeaSurfaceTemp",0.85,"Effect"
"764","ReproductiveRate","Effect",0.2145,"SeaSurfaceTemp",0.85,"Effect"
"765","ReproductiveRate","No Effect",0.7867,"SeaSurfaceTemp",0.85,"Effect"
"766","PopulationDecline","Increased",0.2426,"SeaSurfaceTemp",0.86,"Effect"
"767","PopulationDecline","None",0.5343,"SeaSurfaceTemp",0.86,"Effect"
"768","PopulationDecline","Reduced",0.2259,"SeaSurfaceTemp",0.86,"Effect"
"769","Growth","Effect",0.2011,"SeaSurfaceTemp",0.86,"Effect"
"770","Growth","No Effect",0.7973,"SeaSurfaceTemp",0.86,"Effect"
"771","Mortality","Effect",0.0655,"SeaSurfaceTemp",0.86,"Effect"
"772","Mortality","No Effect",0.9294,"SeaSurfaceTemp",0.86,"Effect"
"773","ReproductiveRate","Effect",0.2145,"SeaSurfaceTemp",0.86,"Effect"
"774","ReproductiveRate","No Effect",0.7863,"SeaSurfaceTemp",0.86,"Effect"
"775","PopulationDecline","Increased",0.2485,"SeaSurfaceTemp",0.87,"Effect"
"776","PopulationDecline","None",0.5351,"SeaSurfaceTemp",0.87,"Effect"
"777","PopulationDecline","Reduced",0.2324,"SeaSurfaceTemp",0.87,"Effect"
"778","Growth","Effect",0.1991,"SeaSurfaceTemp",0.87,"Effect"
"779","Growth","No Effect",0.799,"SeaSurfaceTemp",0.87,"Effect"
"780","Mortality","Effect",0.0686,"SeaSurfaceTemp",0.87,"Effect"
"781","Mortality","No Effect",0.9275,"SeaSurfaceTemp",0.87,"Effect"
"782","ReproductiveRate","Effect",0.213,"SeaSurfaceTemp",0.87,"Effect"
"783","ReproductiveRate","No Effect",0.7849,"SeaSurfaceTemp",0.87,"Effect"
"784","PopulationDecline","Increased",0.2436,"SeaSurfaceTemp",0.88,"Effect"
"785","PopulationDecline","None",0.5406,"SeaSurfaceTemp",0.88,"Effect"
"786","PopulationDecline","Reduced",0.2189,"SeaSurfaceTemp",0.88,"Effect"
"787","Growth","Effect",0.2001,"SeaSurfaceTemp",0.88,"Effect"
"788","Growth","No Effect",0.7938,"SeaSurfaceTemp",0.88,"Effect"
"789","Mortality","Effect",0.0654,"SeaSurfaceTemp",0.88,"Effect"
"790","Mortality","No Effect",0.9287,"SeaSurfaceTemp",0.88,"Effect"
"791","ReproductiveRate","Effect",0.2098,"SeaSurfaceTemp",0.88,"Effect"
"792","ReproductiveRate","No Effect",0.7782,"SeaSurfaceTemp",0.88,"Effect"
"793","PopulationDecline","Increased",0.2453,"SeaSurfaceTemp",0.89,"Effect"
"794","PopulationDecline","None",0.5351,"SeaSurfaceTemp",0.89,"Effect"
"795","PopulationDecline","Reduced",0.2274,"SeaSurfaceTemp",0.89,"Effect"
"796","Growth","Effect",0.2031,"SeaSurfaceTemp",0.89,"Effect"
"797","Growth","No Effect",0.7954,"SeaSurfaceTemp",0.89,"Effect"
"798","Mortality","Effect",0.066,"SeaSurfaceTemp",0.89,"Effect"
"799","Mortality","No Effect",0.9298,"SeaSurfaceTemp",0.89,"Effect"
"800","ReproductiveRate","Effect",0.2072,"SeaSurfaceTemp",0.89,"Effect"
"801","ReproductiveRate","No Effect",0.7792,"SeaSurfaceTemp",0.89,"Effect"
"802","PopulationDecline","Increased",0.2453,"SeaSurfaceTemp",0.9,"Effect"
"803","PopulationDecline","None",0.5259,"SeaSurfaceTemp",0.9,"Effect"
"804","PopulationDecline","Reduced",0.2239,"SeaSurfaceTemp",0.9,"Effect"
"805","Growth","Effect",0.2011,"SeaSurfaceTemp",0.9,"Effect"
"806","Growth","No Effect",0.8014,"SeaSurfaceTemp",0.9,"Effect"
"807","Mortality","Effect",0.0678,"SeaSurfaceTemp",0.9,"Effect"
"808","Mortality","No Effect",0.9336,"SeaSurfaceTemp",0.9,"Effect"
"809","ReproductiveRate","Effect",0.2189,"SeaSurfaceTemp",0.9,"Effect"
"810","ReproductiveRate","No Effect",0.7797,"SeaSurfaceTemp",0.9,"Effect"
"811","PopulationDecline","Increased",0.2381,"SeaSurfaceTemp",0.91,"Effect"
"812","PopulationDecline","None",0.5257,"SeaSurfaceTemp",0.91,"Effect"
"813","PopulationDecline","Reduced",0.2287,"SeaSurfaceTemp",0.91,"Effect"
"814","Growth","Effect",0.1993,"SeaSurfaceTemp",0.91,"Effect"
"815","Growth","No Effect",0.8011,"SeaSurfaceTemp",0.91,"Effect"
"816","Mortality","Effect",0.0662,"SeaSurfaceTemp",0.91,"Effect"
"817","Mortality","No Effect",0.9366,"SeaSurfaceTemp",0.91,"Effect"
"818","ReproductiveRate","Effect",0.215,"SeaSurfaceTemp",0.91,"Effect"
"819","ReproductiveRate","No Effect",0.7886,"SeaSurfaceTemp",0.91,"Effect"
"820","PopulationDecline","Increased",0.2423,"SeaSurfaceTemp",0.92,"Effect"
"821","PopulationDecline","None",0.5278,"SeaSurfaceTemp",0.92,"Effect"
"822","PopulationDecline","Reduced",0.2272,"SeaSurfaceTemp",0.92,"Effect"
"823","Growth","Effect",0.2098,"SeaSurfaceTemp",0.92,"Effect"
"824","Growth","No Effect",0.7933,"SeaSurfaceTemp",0.92,"Effect"
"825","Mortality","Effect",0.0641,"SeaSurfaceTemp",0.92,"Effect"
"826","Mortality","No Effect",0.9345,"SeaSurfaceTemp",0.92,"Effect"
"827","ReproductiveRate","Effect",0.2147,"SeaSurfaceTemp",0.92,"Effect"
"828","ReproductiveRate","No Effect",0.7883,"SeaSurfaceTemp",0.92,"Effect"
"829","PopulationDecline","Increased",0.2446,"SeaSurfaceTemp",0.93,"Effect"
"830","PopulationDecline","None",0.5278,"SeaSurfaceTemp",0.93,"Effect"
"831","PopulationDecline","Reduced",0.2228,"SeaSurfaceTemp",0.93,"Effect"
"832","Growth","Effect",0.201,"SeaSurfaceTemp",0.93,"Effect"
"833","Growth","No Effect",0.8011,"SeaSurfaceTemp",0.93,"Effect"
"834","Mortality","Effect",0.0676,"SeaSurfaceTemp",0.93,"Effect"
"835","Mortality","No Effect",0.9343,"SeaSurfaceTemp",0.93,"Effect"
"836","ReproductiveRate","Effect",0.2223,"SeaSurfaceTemp",0.93,"Effect"
"837","ReproductiveRate","No Effect",0.7889,"SeaSurfaceTemp",0.93,"Effect"
"838","PopulationDecline","Increased",0.243,"SeaSurfaceTemp",0.94,"Effect"
"839","PopulationDecline","None",0.5267,"SeaSurfaceTemp",0.94,"Effect"
"840","PopulationDecline","Reduced",0.2211,"SeaSurfaceTemp",0.94,"Effect"
"841","Growth","Effect",0.2036,"SeaSurfaceTemp",0.94,"Effect"
"842","Growth","No Effect",0.7958,"SeaSurfaceTemp",0.94,"Effect"
"843","Mortality","Effect",0.0658,"SeaSurfaceTemp",0.94,"Effect"
"844","Mortality","No Effect",0.9308,"SeaSurfaceTemp",0.94,"Effect"
"845","ReproductiveRate","Effect",0.2181,"SeaSurfaceTemp",0.94,"Effect"
"846","ReproductiveRate","No Effect",0.7871,"SeaSurfaceTemp",0.94,"Effect"
"847","PopulationDecline","Increased",0.2473,"SeaSurfaceTemp",0.95,"Effect"
"848","PopulationDecline","None",0.5384,"SeaSurfaceTemp",0.95,"Effect"
"849","PopulationDecline","Reduced",0.2246,"SeaSurfaceTemp",0.95,"Effect"
"850","Growth","Effect",0.1972,"SeaSurfaceTemp",0.95,"Effect"
"851","Growth","No Effect",0.7901,"SeaSurfaceTemp",0.95,"Effect"
"852","Mortality","Effect",0.0617,"SeaSurfaceTemp",0.95,"Effect"
"853","Mortality","No Effect",0.9317,"SeaSurfaceTemp",0.95,"Effect"
"854","ReproductiveRate","Effect",0.211,"SeaSurfaceTemp",0.95,"Effect"
"855","ReproductiveRate","No Effect",0.7844,"SeaSurfaceTemp",0.95,"Effect"
"856","PopulationDecline","Increased",0.2456,"SeaSurfaceTemp",0.96,"Effect"
"857","PopulationDecline","None",0.5278,"SeaSurfaceTemp",0.96,"Effect"
"858","PopulationDecline","Reduced",0.2318,"SeaSurfaceTemp",0.96,"Effect"
"859","Growth","Effect",0.2012,"SeaSurfaceTemp",0.96,"Effect"
"860","Growth","No Effect",0.8026,"SeaSurfaceTemp",0.96,"Effect"
"861","Mortality","Effect",0.0696,"SeaSurfaceTemp",0.96,"Effect"
"862","Mortality","No Effect",0.9322,"SeaSurfaceTemp",0.96,"Effect"
"863","ReproductiveRate","Effect",0.2141,"SeaSurfaceTemp",0.96,"Effect"
"864","ReproductiveRate","No Effect",0.7837,"SeaSurfaceTemp",0.96,"Effect"
"865","PopulationDecline","Increased",0.241,"SeaSurfaceTemp",0.97,"Effect"
"866","PopulationDecline","None",0.5249,"SeaSurfaceTemp",0.97,"Effect"
"867","PopulationDecline","Reduced",0.23,"SeaSurfaceTemp",0.97,"Effect"
"868","Growth","Effect",0.2108,"SeaSurfaceTemp",0.97,"Effect"
"869","Growth","No Effect",0.7996,"SeaSurfaceTemp",0.97,"Effect"
"870","Mortality","Effect",0.0614,"SeaSurfaceTemp",0.97,"Effect"
"871","Mortality","No Effect",0.9335,"SeaSurfaceTemp",0.97,"Effect"
"872","ReproductiveRate","Effect",0.2134,"SeaSurfaceTemp",0.97,"Effect"
"873","ReproductiveRate","No Effect",0.7786,"SeaSurfaceTemp",0.97,"Effect"
"874","PopulationDecline","Increased",0.2454,"SeaSurfaceTemp",0.98,"Effect"
"875","PopulationDecline","None",0.5301,"SeaSurfaceTemp",0.98,"Effect"
"876","PopulationDecline","Reduced",0.2311,"SeaSurfaceTemp",0.98,"Effect"
"877","Growth","Effect",0.2059,"SeaSurfaceTemp",0.98,"Effect"
"878","Growth","No Effect",0.7969,"SeaSurfaceTemp",0.98,"Effect"
"879","Mortality","Effect",0.0738,"SeaSurfaceTemp",0.98,"Effect"
"880","Mortality","No Effect",0.934,"SeaSurfaceTemp",0.98,"Effect"
"881","ReproductiveRate","Effect",0.2191,"SeaSurfaceTemp",0.98,"Effect"
"882","ReproductiveRate","No Effect",0.7839,"SeaSurfaceTemp",0.98,"Effect"
"883","PopulationDecline","Increased",0.2402,"SeaSurfaceTemp",0.99,"Effect"
"884","PopulationDecline","None",0.5275,"SeaSurfaceTemp",0.99,"Effect"
"885","PopulationDecline","Reduced",0.2244,"SeaSurfaceTemp",0.99,"Effect"
"886","Growth","Effect",0.2006,"SeaSurfaceTemp",0.99,"Effect"
"887","Growth","No Effect",0.7992,"SeaSurfaceTemp",0.99,"Effect"
"888","Mortality","Effect",0.0628,"SeaSurfaceTemp",0.99,"Effect"
"889","Mortality","No Effect",0.9363,"SeaSurfaceTemp",0.99,"Effect"
"890","ReproductiveRate","Effect",0.2128,"SeaSurfaceTemp",0.99,"Effect"
"891","ReproductiveRate","No Effect",0.782,"SeaSurfaceTemp",0.99,"Effect"
"892","PopulationDecline","Increased",0.2435,"SeaSurfaceTemp",1,"Effect"
"893","PopulationDecline","None",0.5209,"SeaSurfaceTemp",1,"Effect"
"894","PopulationDecline","Reduced",0.2229,"SeaSurfaceTemp",1,"Effect"
"895","Growth","Effect",0.2053,"SeaSurfaceTemp",1,"Effect"
"896","Growth","No Effect",0.7979,"SeaSurfaceTemp",1,"Effect"
"897","Mortality","Effect",0.0648,"SeaSurfaceTemp",1,"Effect"
"898","Mortality","No Effect",0.9355,"SeaSurfaceTemp",1,"Effect"
"899","ReproductiveRate","Effect",0.2192,"SeaSurfaceTemp",1,"Effect"
"900","ReproductiveRate","No Effect",0.7831,"SeaSurfaceTemp",1,"Effect"
